{
  "S": {
    "popt": [
      0.6530648155859495,
      1.0683505275774006,
      0.14414544556232997,
      1.9018406455248522
    ],
    "pcov": [
      [
        0.12186731961134174,
        -0.1403816828185242,
        -0.018080659259059925,
        -0.08781875284333183
      ],
      [
        -0.14038168281852417,
        0.19380178899573863,
        0.027150408784156806,
        0.08413028457387209
      ],
      [
        -0.018080659259059922,
        0.027150408784156806,
        0.004053807835662716,
        0.011147718885641136
      ],
      [
        -0.08781875284333182,
        0.08413028457387209,
        0.011147718885641136,
        0.09627971047311153
      ]
    ]
  },
  "RB": {
    "popt": [
      1.0765792269853387,
      1.2484652626296127,
      0.3055707371721813,
      2.460827899674765
    ],
    "pcov": [
      [
        0.030643988592055412,
        -0.03418585251022073,
        -0.007015327459310165,
        -0.01694955517037695
      ],
      [
        -0.03418585251022073,
        0.04707982580158435,
        0.010221581043128982,
        0.019185933672848553
      ],
      [
        -0.007015327459310165,
        0.010221581043128982,
        0.0023611952150995492,
        0.004715760893198932
      ],
      [
        -0.01694955517037695,
        0.01918593367284855,
        0.004715760893198932,
        0.015629154048727806
      ]
    ]
  },
  "TE": {
    "popt": [
      0.780894624966741,
      0.5639429739860258,
      0.07457727849124463,
      1.0236384019918443
    ],
    "pcov": [
      [
        0.08256210873580823,
        -0.06607488028586725,
        -0.008373452685041903,
        -0.05434914752513157
      ],
      [
        -0.06607488028586725,
        0.08356249639409631,
        0.012581246751046994,
        0.029702364043711967
      ],
      [
        -0.008373452685041903,
        0.012581246751046996,
        0.0020903257959513466,
        0.003908811262784088
      ],
      [
        -0.05434914752513157,
        0.029702364043711967,
        0.003908811262784086,
        0.05511145061833148
      ]
    ]
  },
  "OC": {
    "popt": [
      0.7236803224597337,
      1.7805522772724907,
      0.25250520193579157,
      2.565494930377472
    ],
    "pcov": [
      [
        0.17102108967681345,
        -0.20272606427289958,
        -0.02688829807776887,
        -0.14936665252122944
      ],
      [
        -0.20272606427289955,
        0.2598196350519193,
        0.035930616251722704,
        0.16119966380258507
      ],
      [
        -0.02688829807776887,
        0.035930616251722704,
        0.0051615851825278876,
        0.022163952365658036
      ],
      [
        -0.14936665252122944,
        0.1611996638025851,
        0.02216395236565804,
        0.2026280301397487
      ]
    ]
  },
  "DT": {
    "popt": [
      1.162865212634121,
      1.2789722113985886,
      0.2204562758427976,
      2.3210869404143852
    ],
    "pcov": [
      [
        0.14608483176350193,
        -0.11088772754090948,
        -0.016924100006918682,
        -0.09960989219287805
      ],
      [
        -0.11088772754090948,
        0.0976039657344998,
        0.01570133013718905,
        0.06759774828020372
      ],
      [
        -0.016924100006918682,
        0.01570133013718905,
        0.0026606914126361,
        0.011338876298019288
      ],
      [
        -0.09960989219287805,
        0.06759774828020373,
        0.011338876298019288,
        0.10404114287178802
      ]
    ]
  },
  "WR": {
    "popt": [
      1.1281269887928804,
      0.8725554255558217,
      0.09665264789225951,
      2.0335534303308123
    ],
    "pcov": [
      [
        0.07522199783092509,
        -0.045640754050336615,
        -0.005362711442678686,
        -0.05417930792160758
      ],
      [
        -0.045640754050336615,
        0.0349375625528678,
        0.004648710643514854,
        0.025842952797987415
      ],
      [
        -0.005362711442678686,
        0.004648710643514854,
        0.0006717530142638027,
        0.0029457918720740594
      ],
      [
        -0.05417930792160758,
        0.025842952797987418,
        0.0029457918720740594,
        0.05902167754539857
      ]
    ]
  },
  "OG": {
    "popt": [
      1.0640294707693825,
      0.655896136483641,
      0.03660415302319567,
      2.931994651611556
    ],
    "pcov": [
      [
        0.1253190608127771,
        -0.07145079695219327,
        -0.007128235666767461,
        -0.09175681838413448
      ],
      [
        -0.07145079695219325,
        0.054593154987983616,
        0.006689045241159816,
        0.038521573673409686
      ],
      [
        -0.00712823566676746,
        0.006689045241159816,
        0.0009277775955029556,
        0.0031616432242803872
      ],
      [
        -0.09175681838413448,
        0.03852157367340969,
        0.0031616432242803877,
        0.1000053242732026
      ]
    ]
  },
  "LB": {
    "popt": [
      1.342896840786478,
      0.5781329724250396,
      0.045150227123184325,
      2.432065135584855
    ],
    "pcov": [
      [
        0.06631533353396671,
        -0.029490956212025854,
        -0.00315177052944407,
        -0.04615337353108009
      ],
      [
        -0.029490956212025854,
        0.01927043431266809,
        0.0025681492899417143,
        0.014259260606658369
      ],
      [
        -0.00315177052944407,
        0.0025681492899417143,
        0.00038522212566384885,
        0.0013160072492436278
      ],
      [
        -0.04615337353108008,
        0.014259260606658365,
        0.0013160072492436278,
        0.04842369201683077
      ]
    ]
  },
  "CB": {
    "popt": [
      0.8598354475846856,
      0.9174430149070043,
      0.1744468987715212,
      5.089439536904829
    ],
    "pcov": [
      [
        0.13837291377388838,
        -0.13341943080698584,
        -0.021468730663096007,
        -0.08753359655065283
      ],
      [
        -0.13341943080698584,
        0.16767269479557573,
        0.028843887154022512,
        0.0710194649714218
      ],
      [
        -0.021468730663096007,
        0.028843887154022512,
        0.005327300989652505,
        0.013286066020591958
      ],
      [
        -0.08753359655065283,
        0.07101946497142181,
        0.01328606602059196,
        0.0867683681785249
      ]
    ]
  },
  "DE": {
    "popt": [
      1.2940504028270952,
      1.0287057460227524,
      0.15655385374358954,
      2.388927294434783
    ],
    "pcov": [
      [
        0.07011871477177439,
        -0.04204620629473489,
        -0.005819479528322458,
        -0.04822023130920509
      ],
      [
        -0.04204620629473489,
        0.030892097526180246,
        0.004625312350348255,
        0.024097860676735142
      ],
      [
        -0.005819479528322458,
        0.004625312350348254,
        0.0007381319643957428,
        0.0035701221887750293
      ],
      [
        -0.04822023130920509,
        0.024097860676735142,
        0.0035701221887750293,
        0.050779059206077726
      ]
    ]
  },
  "OT": {
    "popt": [
      1.2688358957797246,
      0.9172978620148208,
      0.13270026403511864,
      2.785728647025972
    ],
    "pcov": [
      [
        0.08134851091568475,
        -0.047265415540802394,
        -0.006325170077042195,
        -0.05565472077106204
      ],
      [
        -0.047265415540802394,
        0.034905374257100406,
        0.005140209312954557,
        0.026017205112894078
      ],
      [
        -0.006325170077042195,
        0.005140209312954557,
        0.0008128326141781988,
        0.0036802267605037936
      ],
      [
        -0.05565472077106203,
        0.026017205112894074,
        0.003680226760503793,
        0.05831840759401006
      ]
    ]
  },
  "QB": {
    "popt": [
      1.7952494033258333,
      0.5131643187934083,
      0.029634492245946106,
      1.7598972189933186
    ],